{
	"start":	{
		"connected":	[{
				"socket":	1,
				"local_host":	"10.0.0.2",
				"local_port":	0,
				"remote_host":	"10.0.0.1",
				"remote_port":	5202
			}],
		"version":	"iperf 3.20+",
		"system_info":	"Linux 80739cb1403b 6.10.14-linuxkit #1 SMP Fri Nov 29 17:22:03 UTC 2024 aarch64",
		"timestamp":	{
			"time":	"Wed, 22 Apr 2026 05:40:45 GMT",
			"timesecs":	1776836445,
			"timemillisecs":	1776836445930
		},
		"connecting_to":	{
			"host":	"10.0.0.1",
			"port":	5201
		},
		"cookie":	"njyls563pcwtv2wok6cdtdjkkanknabgho5z",
		"target_bitrate":	0,
		"fq_rate":	0,
		"test_start":	{
			"protocol":	"QUIC",
			"num_streams":	1,
			"blksize":	131072,
			"omit":	0,
			"duration":	5,
			"bytes":	0,
			"blocks":	0,
			"reverse":	0,
			"tos":	0,
			"target_bitrate":	0,
			"bidir":	0,
			"fqrate":	0,
			"interval":	1
		}
	},
	"intervals":	[{
			"streams":	[{
					"socket":	1,
					"start":	0,
					"end":	1.006417,
					"seconds":	1.0064170360565186,
					"bytes":	16908288,
					"bits_per_second":	134403829.77817923,
					"omitted":	false,
					"sender":	true
				}],
			"sum":	{
				"start":	0,
				"end":	1.006417,
				"seconds":	1.0064170360565186,
				"bytes":	16908288,
				"bits_per_second":	134403829.77817923,
				"omitted":	false,
				"sender":	true
			}
		}, {
			"streams":	[{
					"socket":	1,
					"start":	1.006417,
					"end":	2.003594,
					"seconds":	0.997177004814148,
					"bytes":	10485760,
					"bits_per_second":	84123560.406043,
					"omitted":	false,
					"sender":	true
				}],
			"sum":	{
				"start":	1.006417,
				"end":	2.003594,
				"seconds":	0.997177004814148,
				"bytes":	10485760,
				"bits_per_second":	84123560.406043,
				"omitted":	false,
				"sender":	true
			}
		}, {
			"streams":	[{
					"socket":	1,
					"start":	2.003594,
					"end":	3.005581,
					"seconds":	1.0019869804382324,
					"bytes":	10354688,
					"bits_per_second":	82673233.90147236,
					"omitted":	false,
					"sender":	true
				}],
			"sum":	{
				"start":	2.003594,
				"end":	3.005581,
				"seconds":	1.0019869804382324,
				"bytes":	10354688,
				"bits_per_second":	82673233.90147236,
				"omitted":	false,
				"sender":	true
			}
		}, {
			"streams":	[{
					"socket":	1,
					"start":	3.005581,
					"end":	4.004823,
					"seconds":	0.99924200773239136,
					"bytes":	10616832,
					"bits_per_second":	84999084.6489177,
					"omitted":	false,
					"sender":	true
				}],
			"sum":	{
				"start":	3.005581,
				"end":	4.004823,
				"seconds":	0.99924200773239136,
				"bytes":	10616832,
				"bits_per_second":	84999084.6489177,
				"omitted":	false,
				"sender":	true
			}
		}, {
			"streams":	[{
					"socket":	1,
					"start":	4.004823,
					"end":	5.011845,
					"seconds":	1.0070220232009888,
					"bytes":	10747904,
					"bits_per_second":	85383665.916945726,
					"omitted":	false,
					"sender":	true
				}],
			"sum":	{
				"start":	4.004823,
				"end":	5.011845,
				"seconds":	1.0070220232009888,
				"bytes":	10747904,
				"bits_per_second":	85383665.916945726,
				"omitted":	false,
				"sender":	true
			}
		}],
	"end":	{
		"streams":	[{
				"sender":	{
					"socket":	1,
					"start":	0,
					"end":	5.011845,
					"seconds":	5.011845,
					"bytes":	52815821,
					"bits_per_second":	84305593.648646355,
					"sender":	true
				},
				"receiver":	{
					"socket":	1,
					"start":	0,
					"end":	5.118641,
					"seconds":	5.011845,
					"bytes":	52815821,
					"bits_per_second":	82546630.63887465,
					"sender":	true
				}
			}],
		"sum_sent":	{
			"start":	0,
			"end":	5.011845,
			"seconds":	5.011845,
			"bytes":	52815821,
			"bits_per_second":	84305593.648646355,
			"sender":	true
		},
		"sum_received":	{
			"start":	0,
			"end":	5.118641,
			"seconds":	5.118641,
			"bytes":	52815821,
			"bits_per_second":	82546630.63887465,
			"sender":	true
		},
		"cpu_utilization_percent":	{
			"host_total":	8.3368027719142042,
			"host_user":	3.8896416558622144,
			"host_system":	4.4472390444805727,
			"remote_total":	14.811603608686589,
			"remote_user":	6.936341991802915,
			"remote_system":	7.8753202260987223
		}
	}
}
